{
	"info": {
		"_postman_id": "452847a9-fa75-4c87-9e10-3b6fcf1e29e3",
		"name": "BlueApiFunc",
		"description": "Coleção de chamadas para os endpoints da API do I Blue It (Blue Api)\n\n**Definição de prefixos dos endpoints**\n\n- Send: envia de dados para serem gravados no banco de dados.\n- Get: busca os dados de acordo com os parâmetros incluídos na URL\n- Update: realiza a atualização dos dados. Deve-se passar o mesmo modelo enviado para a mesma rota contendo o prefixo Send, mas desta vez, contendo o ID do modelo a ser atualizado.\n\n---\n\n**Observações**\n\n- Os parâmetros na busca (Get) são encadeados, ou seja, os resultados têm que obedecer todos os parâmetros passados.",
		"schema": "https://schema.getpostman.com/json/collection/v2.1.0/collection.json"
	},
	"item": [
		{
			"name": "Send",
			"item": [
				{
					"name": "Salvar Paciente",
					"request": {
						"method": "POST",
						"header": [
							{
								"key": "Content-Type",
								"name": "Content-Type",
								"value": "application/json",
								"type": "text"
							},
							{
								"key": "GameToken",
								"value": "QkxVRUFQSV9UT0tFTl9ESU9HTw==",
								"description": "Token de permissão de acesso a API",
								"type": "text"
							}
						],
						"body": {
							"mode": "raw",
							"raw": "{\r\n    \"name\": \"Teste B\",\r\n    \"birthday\": \"1995/11/25\",\r\n    \"sex\": \"Male\",\r\n    \"capacitiesPitaco\": {\r\n        \"insPeakFlow\": 0,\r\n        \"expPeakFlow\": 0,\r\n        \"insFlowDuration\": 0,\r\n        \"expFlowDuration\": 0,\r\n        \"respiratoryRate\": 0\r\n    },\r\n    \"capacitiesMano\": {\r\n        \"insPeakFlow\": 0,\r\n        \"expPeakFlow\": 0,\r\n        \"insFlowDuration\": 0,\r\n        \"expFlowDuration\": 0,\r\n        \"respiratoryRate\": 0\r\n    },\r\n    \"capacitiesCinta\": {\r\n        \"insPeakFlow\": 0,\r\n        \"expPeakFlow\": 0,\r\n        \"insFlowDuration\": 0,\r\n        \"expFlowDuration\": 0,\r\n        \"respiratoryRate\": 0\r\n    },\r\n    \"observations\": \"None\",\r\n    \"condition\": \"Healthy\",\r\n    \"unlockedLevels\": 1,\r\n    \"accumulatedScore\": 0,\r\n    \"playSessionsDone\": 0,\r\n    \"calibrationPitacoDone\": false,\r\n    \"calibrationManoDone\": false,\r\n    \"calibrationCintaDone\": false,\r\n    \"howToPlayDone\": false,\r\n    \"weigth\": 100,\r\n    \"heigth\": 185,\r\n    \"pitacoThreshold\": 0,\r\n    \"manoThreshold\": 0,\r\n    \"cintaThreshold\": 0,\r\n    \"ethnicity\": \"Templário das Terras Altas\"\r\n}",
							"options": {
								"raw": {
									"language": "json"
								}
							}
						},
						"url": {
							"raw": "{{url}}/pacients",
							"host": [
								"{{url}}"
							],
							"path": [
								"pacients"
							]
						},
						"description": "Salva um paciente no BD"
					},
					"response": []
				},
				{
					"name": "Salvar Calibração",
					"request": {
						"method": "POST",
						"header": [
							{
								"key": "Content-Type",
								"name": "Content-Type",
								"value": "application/json",
								"type": "text"
							},
							{
								"key": "GameToken",
								"value": "e2cfa72e-7fc3-4f45-aa6f-2d904299d6cf",
								"description": "Token de permissão de acesso a API",
								"type": "text"
							}
						],
						"body": {
							"mode": "raw",
							"raw": "{\r\n    \"pacientId\": \"5eb48243ca979a1f907f9fa1\",\r\n    \"gameDevice\": \"Pitaco\",\r\n    \"calibrationValue\": -500,\r\n    \"calibrationExercise\": \"InspiratoryPeak\"\r\n}",
							"options": {
								"raw": {
									"language": "json"
								}
							}
						},
						"url": {
							"raw": "{{url}}/calibrations",
							"host": [
								"{{url}}"
							],
							"path": [
								"calibrations"
							]
						},
						"description": "Possíveis valores para\n\n\"gameDevice\": \"Pitaco\"\n\"calibrationExercise\":\n\t-\"RespiratoryFrequency\"\n\t-\"InspiratoryPeak\"\n\t-\"InspiratoryDuration\"\n\t-\"ExpiratoryPeak\"\n\t-\"ExpiratoryDuration\""
					},
					"response": []
				},
				{
					"name": "Salvar Resumo Minigame",
					"request": {
						"method": "POST",
						"header": [
							{
								"key": "Content-Type",
								"name": "Content-Type",
								"value": "application/json",
								"type": "text"
							},
							{
								"key": "GameToken",
								"value": "e2cfa72e-7fc3-4f45-aa6f-2d904299d6cf",
								"description": "Token de permissão de acesso a API",
								"type": "text"
							}
						],
						"body": {
							"mode": "raw",
							"raw": "{\r\n    \"pacientId\": \"5eb48243ca979a1f907f9fa1\",\r\n    \"minigameName\": \"WaterGame\",\r\n    \"respiratoryExercise\": \"InspiratoryPeak\",\r\n    \"devices\": [\r\n      \"Pitaco\"\r\n    ],\r\n    \"flowDataRounds\": [\r\n      {\r\n        \"minigameRound\": 1,\r\n        \"roundScore\": 2,\r\n        \"roundFlowScore\": 152,\r\n        \"flowDataDevices\": [\r\n          {\r\n            \"deviceName\": \"Pitaco\",\r\n            \"flowData\": [\r\n              {\r\n                \"flowValue\": 36,\r\n                \"timestamp\": \"2020-02-23T08:59:50\"\r\n              },\r\n              {\r\n                \"flowValue\": 64,\r\n                \"timestamp\": \"2020-02-23T09:00:00\"\r\n              },\r\n              {\r\n                \"flowValue\": 160,\r\n                \"timestamp\": \"2020-02-23T09:01:10\"\r\n              }\r\n            ]\r\n          }\r\n        ]\r\n      },\r\n      {\r\n        \"minigameRound\": 2,\r\n        \"roundScore\": 2,\r\n        \"roundFlowScore\": 87,\r\n        \"flowDataDevices\": [\r\n          {\r\n            \"deviceName\": \"Pitaco\",\r\n            \"flowData\": [\r\n              {\r\n                \"flowValue\": 35,\r\n                \"timestamp\": \"2020-02-23T08:59:50\"\r\n              },\r\n              {\r\n                \"flowValue\": 86,\r\n                \"timestamp\": \"2020-02-23T09:00:00\"\r\n              },\r\n              {\r\n                \"flowValue\": 75,\r\n                \"timestamp\": \"2020-02-23T09:01:10\"\r\n              }\r\n            ]\r\n          }\r\n        ]\r\n      },\r\n      {\r\n        \"minigameRound\": 3,\r\n        \"roundScore\": 1,\r\n        \"roundFlowScore\": 91,\r\n        \"flowDataDevices\": [\r\n          {\r\n            \"deviceName\": \"Pitaco\",\r\n            \"flowData\": [\r\n              {\r\n                \"flowValue\": 4,\r\n                \"timestamp\": \"2020-02-23T08:59:50\"\r\n              },\r\n              {\r\n                \"flowValue\": 86,\r\n                \"timestamp\": \"2020-02-23T09:00:00\"\r\n              },\r\n              {\r\n                \"flowValue\": 60,\r\n                \"timestamp\": \"2020-02-23T09:01:10\"\r\n              }\r\n            ]\r\n          }\r\n        ]\r\n      }\r\n    ]\r\n  }",
							"options": {
								"raw": {
									"language": "json"
								}
							}
						},
						"url": {
							"raw": "{{url}}/minigames?=",
							"host": [
								"{{url}}"
							],
							"path": [
								"minigames"
							],
							"query": [
								{
									"key": "",
									"value": ""
								}
							]
						},
						"description": "Valores possíveis para\n\n\"minigameName\": \n\t-\"CakeGame\"\n\t-\"WaterGame\"\n\t-\"BirdGame\"\n\"respiratoryExercise\":\n\t-\"RespiratoryFrequency\"\n\t-\"InspiratoryPeak\"\n\t-\"InspiratoryDuration\"\n\t-\"ExpiratoryPeak\"\n\t-\"ExpiratoryDuration\""
					},
					"response": []
				},
				{
					"name": "Salvar Resumo Plataforma",
					"request": {
						"method": "POST",
						"header": [
							{
								"key": "Content-Type",
								"name": "Content-Type",
								"value": "application/json",
								"type": "text"
							},
							{
								"key": "GameToken",
								"value": "QkxVRUFQSV9UT0tFTl9ESU9HTw==",
								"description": "Token de permissão de acesso a API",
								"type": "text"
							}
						],
						"body": {
							"mode": "raw",
							"raw": "{\n    \"pacientId\": \"5e84cfd3de8a0e16fc9d3096\",\n    \"flowDataDevices\": [\n        {\n            \"deviceName\": \"Pitaco\",\n            \"flowData\": [\n                {\n                    \"flowValue\": 100,\n                    \"timestamp\": \"2020-02-23T08:59:50\"\n                },\n                {\n                    \"flowValue\": 110,\n                    \"timestamp\": \"2020-02-23T09:00:00\"\n                },\n                {\n                    \"flowValue\": 120,\n                    \"timestamp\": \"2020-02-23T09:01:10\"\n                }\n            ]\n        }\n    ],\n    \"playStart\": \"2020-02-23T09:01:10\",\n    \"playFinish\": \"2020-02-23T09:01:10\",\n    \"duration\": 100,\n    \"result\": 1,\n    \"stageId\": 1,\n    \"phase\": 1,\n    \"level\": 1,\n    \"relaxTimeSpawned\": 1,\n    \"maxScore\": 1,\n    \"scoreRatio\": 1,\n    \"targetsSpawned\": 1,\n    \"TargetsSuccess\": 1,\n    \"TargetsInsuccess\": 1,\n    \"TargetsExpSuccess\": 1,\n    \"TargetsFails\": 1,\n    \"TargetsInsFail\": 1,\n    \"TargetsExpFail\": 1,\n    \"ObstaclesSpawned\": 1,\n    \"ObstaclesSuccess\": 1,\n    \"ObstaclesInsSuccess\": 1,\n    \"ObstaclesExpSuccess\": 1,\n    \"ObstaclesFail\": 1,\n    \"ObstaclesInsFail\": 1,\n    \"ObstaclesExpFail\": 1,\n    \"PlayerHp\": 1\n}",
							"options": {
								"raw": {
									"language": "json"
								}
							}
						},
						"url": {
							"raw": "{{url}}/plataforms",
							"host": [
								"{{url}}"
							],
							"path": [
								"plataforms"
							]
						}
					},
					"response": []
				},
				{
					"name": "Criar Token",
					"request": {
						"method": "POST",
						"header": [],
						"body": {
							"mode": "raw",
							"raw": "{\n\t\"userId\": \"5eb33d7fd07b931374764546\",\n\t\"description\": \"Game Token para testes.\"\n}",
							"options": {
								"raw": {
									"language": "json"
								}
							}
						},
						"url": {
							"raw": "{{url}}/CreateGameToken",
							"host": [
								"{{url}}"
							],
							"path": [
								"CreateGameToken"
							]
						},
						"description": "Rota para criar token de acesso a API"
					},
					"response": []
				},
				{
					"name": "Criar Usuário",
					"request": {
						"method": "POST",
						"header": [],
						"body": {
							"mode": "raw",
							"raw": "{\n\t\"fullname\": \"Jhonatan Nery\",\n\t\"username\": \"jhonatannery\",\n\t\"password\": \"jhonatan123\",\n\t\"email\": \"\",\n\t\"role\": \"User\",\n\t\"pacientId\": \"5eb48243ca979a1f907f9fa1\",\n\t\"gameToken\": \"e2cfa72e-7fc3-4f45-aa6f-2d904299d6cf\"\n}",
							"options": {
								"raw": {
									"language": "json"
								}
							}
						},
						"url": {
							"raw": "{{url}}/register",
							"host": [
								"{{url}}"
							],
							"path": [
								"register"
							]
						},
						"description": "Cria um usuário no sistema"
					},
					"response": []
				},
				{
					"name": "Autenticar",
					"request": {
						"method": "POST",
						"header": [],
						"body": {
							"mode": "raw",
							"raw": "{\n\t\"username\": \"jhonatannery\",\n\t\"password\": \"jhonatan123\"\n}",
							"options": {
								"raw": {
									"language": "json"
								}
							}
						},
						"url": {
							"raw": "{{url}}/login",
							"host": [
								"{{url}}"
							],
							"path": [
								"login"
							]
						},
						"description": "Autenticação de usuário com username/password"
					},
					"response": []
				}
			],
			"protocolProfileBehavior": {}
		},
		{
			"name": "Get",
			"item": [
				{
					"name": "Paciente",
					"item": [
						{
							"name": "Paciente",
							"request": {
								"method": "GET",
								"header": [
									{
										"description": "Token de permissão de acesso a API",
										"key": "GameToken",
										"type": "text",
										"value": "e2cfa72e-7fc3-4f45-aa6f-2d904299d6cf"
									}
								],
								"url": {
									"raw": "{{url}}/pacients/:pacientId",
									"host": [
										"{{url}}"
									],
									"path": [
										"pacients",
										":pacientId"
									],
									"variable": [
										{
											"key": "pacientId",
											"value": "5eb48243ca979a1f907f9fa1",
											"description": "ID do Paciente [OBRIGATÓRIO]"
										}
									]
								}
							},
							"response": []
						},
						{
							"name": "Minigames",
							"request": {
								"method": "GET",
								"header": [
									{
										"key": "GameToken",
										"value": "e2cfa72e-7fc3-4f45-aa6f-2d904299d6cf",
										"type": "text"
									}
								],
								"url": {
									"raw": "{{url}}/pacients/:pacientId/minigames?devices=Pitaco&limit=10",
									"host": [
										"{{url}}"
									],
									"path": [
										"pacients",
										":pacientId",
										"minigames"
									],
									"query": [
										{
											"key": "minigameName",
											"value": "WaterGame",
											"description": "Nome do Jogo [NÃO OBRIGATÓRIO]",
											"disabled": true
										},
										{
											"key": "dataIni",
											"value": "05-10-2020",
											"disabled": true
										},
										{
											"key": "dataFim",
											"value": "06-10-2020",
											"disabled": true
										},
										{
											"key": "devices",
											"value": "Pitaco",
											"description": "Nome do dispositivo [NÃO OBRIGATÓRIO]"
										},
										{
											"key": "devices",
											"value": "Mano",
											"disabled": true
										},
										{
											"key": "limit",
											"value": "10"
										},
										{
											"key": "sort",
											"value": "asc",
											"disabled": true
										},
										{
											"key": "skip",
											"value": "0",
											"disabled": true
										}
									],
									"variable": [
										{
											"key": "pacientId",
											"value": ""
										}
									]
								}
							},
							"response": []
						},
						{
							"name": "Plataformas",
							"request": {
								"method": "GET",
								"header": [
									{
										"key": "GameToken",
										"value": "e2cfa72e-7fc3-4f45-aa6f-2d904299d6cf",
										"type": "text"
									}
								],
								"url": {
									"raw": "{{url}}/pacients/:pacientId/plataforms?limit=10",
									"host": [
										"{{url}}"
									],
									"path": [
										"pacients",
										":pacientId",
										"plataforms"
									],
									"query": [
										{
											"key": "phase",
											"value": "1",
											"description": "Fase da plataforma [NÃO OBRIGATÓRIO]",
											"disabled": true
										},
										{
											"key": "level",
											"value": "1",
											"description": "Level da Plataforma [NÃO OBRIGATÓRIO]",
											"disabled": true
										},
										{
											"key": "createdAt",
											"value": "01-01-2019",
											"description": "Criado em (dd-mm-aaaa) [NÃO OBRIGATÓRIO]",
											"disabled": true
										},
										{
											"key": "gameDevice",
											"value": "Pitaco",
											"description": "Dispositivo [NÃO OBRIGATÓRIO]",
											"disabled": true
										},
										{
											"key": "limit",
											"value": "10"
										},
										{
											"key": "sort",
											"value": "asc",
											"disabled": true
										},
										{
											"key": "skip",
											"value": "0",
											"disabled": true
										}
									],
									"variable": [
										{
											"key": "pacientId",
											"value": "5eb48243ca979a1f907f9fa1"
										}
									]
								}
							},
							"response": []
						},
						{
							"name": "Calibrações",
							"request": {
								"method": "GET",
								"header": [
									{
										"key": "GameToken",
										"value": "e2cfa72e-7fc3-4f45-aa6f-2d904299d6cf",
										"description": "Chave de Acesso",
										"type": "text"
									}
								],
								"url": {
									"raw": "{{url}}/pacients/:pacientId/calibrations?gameDevice=Mano&dataIni=05-10-2020&dataFim=05-10-2020",
									"host": [
										"{{url}}"
									],
									"path": [
										"pacients",
										":pacientId",
										"calibrations"
									],
									"query": [
										{
											"key": "gameDevice",
											"value": "Mano",
											"description": "Dispositivo [NÃO OBRIGATÓRIO]"
										},
										{
											"key": "calibrationExercise",
											"value": "ExpiratoryPeak",
											"description": "Exercício [NÃO OBRIGATÓRIO]",
											"disabled": true
										},
										{
											"key": "dataIni",
											"value": "05-10-2020"
										},
										{
											"key": "dataFim",
											"value": "05-10-2020"
										},
										{
											"key": "limit",
											"value": "10",
											"disabled": true
										},
										{
											"key": "sort",
											"value": "asc",
											"disabled": true
										},
										{
											"key": "skip",
											"value": "0",
											"disabled": true
										}
									],
									"variable": [
										{
											"key": "pacientId",
											"value": "5eb48243ca979a1f907f9fa1"
										}
									]
								}
							},
							"response": []
						},
						{
							"name": "Conta",
							"request": {
								"method": "GET",
								"header": [
									{
										"key": "GameToken",
										"value": "8329231b-4965-40fe-938d-514360be798c",
										"type": "text"
									}
								],
								"url": {
									"raw": "{{url}}/pacients/:pacientId/account",
									"host": [
										"{{url}}"
									],
									"path": [
										"pacients",
										":pacientId",
										"account"
									],
									"variable": [
										{
											"key": "pacientId",
											"value": "5eb349ea8f6b341ab8bcd7a8"
										}
									]
								},
								"description": "Busca a conta de acesso ao sistema do paciente com o ID pesquisado"
							},
							"response": []
						},
						{
							"name": "Estatísticas Plataforma",
							"request": {
								"method": "GET",
								"header": [
									{
										"key": "GameToken",
										"value": "e2cfa72e-7fc3-4f45-aa6f-2d904299d6cf",
										"type": "text"
									}
								],
								"url": {
									"raw": "{{url}}/pacients/:pacientId/plataforms/statistics?sort=asc&devices=Mano",
									"host": [
										"{{url}}"
									],
									"path": [
										"pacients",
										":pacientId",
										"plataforms",
										"statistics"
									],
									"query": [
										{
											"key": "sort",
											"value": "asc"
										},
										{
											"key": "dataIni",
											"value": "2020-05-09",
											"disabled": true
										},
										{
											"key": "dataFim",
											"value": "2020-05-11",
											"disabled": true
										},
										{
											"key": "devices",
											"value": "Mano"
										}
									],
									"variable": [
										{
											"key": "pacientId",
											"value": "5eb48243ca979a1f907f9fa1"
										}
									]
								}
							},
							"response": []
						}
					],
					"event": [
						{
							"listen": "prerequest",
							"script": {
								"id": "0e9af32a-0b23-4c88-9b5f-f093fe797605",
								"type": "text/javascript",
								"exec": [
									""
								]
							}
						},
						{
							"listen": "test",
							"script": {
								"id": "31d1930f-fcb3-492d-b79c-11a0764dfa3f",
								"type": "text/javascript",
								"exec": [
									""
								]
							}
						}
					],
					"protocolProfileBehavior": {},
					"_postman_isSubFolder": true
				},
				{
					"name": "Calibrações",
					"request": {
						"method": "GET",
						"header": [
							{
								"key": "GameToken",
								"value": "e2cfa72e-7fc3-4f45-aa6f-2d904299d6cf",
								"description": "Token de permissão de acesso a API",
								"type": "text"
							}
						],
						"url": {
							"raw": "{{url}}/calibrations",
							"host": [
								"{{url}}"
							],
							"path": [
								"calibrations"
							],
							"query": [
								{
									"key": "calibrationId",
									"value": "5e7bacc193a7f81adcb4d8fc",
									"description": "ID do Registro da Calibração [NÃO OBRIGATÓRIO]",
									"disabled": true
								},
								{
									"key": "gameDevice",
									"value": "Pitaco",
									"description": "Dispositivo [NÃO OBRIGATÓRIO]",
									"disabled": true
								},
								{
									"key": "calibrationExercise",
									"value": "InspiratoryPeak",
									"description": "Exercício [NÃO OBRIGATÓRIO]",
									"disabled": true
								},
								{
									"key": "limit",
									"value": "1",
									"description": "Quantidade de resultados",
									"disabled": true
								},
								{
									"key": "sort",
									"value": "asc",
									"description": "Ordenar data ascendente (Descendente é o padrão)",
									"disabled": true
								},
								{
									"key": "skip",
									"value": "0",
									"disabled": true
								}
							]
						}
					},
					"response": []
				},
				{
					"name": "Resumos Minigame",
					"protocolProfileBehavior": {
						"disableBodyPruning": true
					},
					"request": {
						"method": "GET",
						"header": [
							{
								"description": "Token de permissão de acesso a API",
								"key": "GameToken",
								"type": "text",
								"value": "QkxVRUFQSV9UT0tFTl9ESU9HTw=="
							}
						],
						"body": {
							"mode": "raw",
							"raw": "",
							"options": {
								"raw": {
									"language": "json"
								}
							}
						},
						"url": {
							"raw": "{{url}}/minigames?minigameOverviewId=5e7bb65396145d14144b345e&limit=10",
							"host": [
								"{{url}}"
							],
							"path": [
								"minigames"
							],
							"query": [
								{
									"key": "minigameOverviewId",
									"value": "5e7bb65396145d14144b345e",
									"description": "ID do Registro do Resumo do Minigame [NÃO OBRIGATÓRIO]"
								},
								{
									"key": "gameDevice",
									"value": "5e530fb8e706ad47ac659557",
									"description": "Dispositivo [NÃO OBRIGATÓRIO]",
									"disabled": true
								},
								{
									"key": "minigameName",
									"value": "CakeGame",
									"description": "Exercício [NÃO OBRIGATÓRIO]",
									"disabled": true
								},
								{
									"key": "limit",
									"value": "10"
								},
								{
									"key": "sort",
									"value": "asc",
									"disabled": true
								},
								{
									"key": "skip",
									"value": "0",
									"disabled": true
								}
							]
						}
					},
					"response": []
				},
				{
					"name": "Resumos Plataforma",
					"request": {
						"method": "GET",
						"header": [
							{
								"key": "GameToken",
								"value": "QkxVRUFQSV9UT0tFTl9ESU9HTw==",
								"description": "Token de permissão de acesso a API",
								"type": "text"
							}
						],
						"url": {
							"raw": "{{url}}/plataforms?plataformOverviewId=5e7e4681ec40020e3cd70558&limit=10&sort=asc&skip",
							"host": [
								"{{url}}"
							],
							"path": [
								"plataforms"
							],
							"query": [
								{
									"key": "plataformOverviewId",
									"value": "5e7e4681ec40020e3cd70558",
									"description": "ID do Registro do Resumo da Plataforma [NÃO OBRIGATÓRIO]"
								},
								{
									"key": "limit",
									"value": "10"
								},
								{
									"key": "sort",
									"value": "asc"
								},
								{
									"key": "skip",
									"value": null
								}
							]
						}
					},
					"response": []
				},
				{
					"name": "Pacientes",
					"request": {
						"method": "GET",
						"header": [
							{
								"key": "GameToken",
								"value": "e2cfa72e-7fc3-4f45-aa6f-2d904299d6cf",
								"description": "Token de permissão de acesso a API",
								"type": "text"
							}
						],
						"url": {
							"raw": "{{url}}/pacients?sort=asc",
							"host": [
								"{{url}}"
							],
							"path": [
								"pacients"
							],
							"query": [
								{
									"key": "name",
									"value": "Ada",
									"description": "Letras iniciais do nome do paciente (Case-Sensitive)",
									"disabled": true
								},
								{
									"key": "limit",
									"value": "1",
									"disabled": true
								},
								{
									"key": "sort",
									"value": "asc",
									"description": "Ordena pelo nome (descentente por padrão) [asc]"
								},
								{
									"key": "skip",
									"value": "0",
									"disabled": true
								}
							]
						}
					},
					"response": []
				},
				{
					"name": "Dados Respiratórios",
					"request": {
						"method": "GET",
						"header": [
							{
								"key": "GameToken",
								"value": "e2cfa72e-7fc3-4f45-aa6f-2d904299d6cf",
								"type": "text"
							}
						],
						"url": {
							"raw": "{{url}}/flowdata/:{flowDataDeviceid}",
							"host": [
								"{{url}}"
							],
							"path": [
								"flowdata",
								":{flowDataDeviceid}"
							],
							"variable": [
								{
									"key": "{flowDataDeviceid}",
									"value": "5eb484edca979a1f907f9fa2",
									"description": "ID do registro do Flow Data Device"
								}
							]
						},
						"description": "Para busca de valores dos dispositivos utilizados em um determinado registro de minigame/plataforma"
					},
					"response": []
				}
			],
			"description": "Valores possíveis para\n\n\"gameDevice\": \"Pitaco\"\n\n\"minigameName\": \n\t-\"CakeGame\"\n\t-\"WaterGame\"\n\t-\"BirdGame\"\n\n\"respiratoryExercise\":\n\t-\"RespiratoryFrequency\"\n\t-\"InspiratoryPeak\"\n\t-\"InspiratoryDuration\"\n\t-\"ExpiratoryPeak\"\n\t-\"ExpiratoryDuration\"",
			"event": [
				{
					"listen": "prerequest",
					"script": {
						"id": "0a2e266e-a92e-4845-aa04-f57539305345",
						"type": "text/javascript",
						"exec": [
							""
						]
					}
				},
				{
					"listen": "test",
					"script": {
						"id": "968fd4a2-1b95-4e70-ace7-6cc5e5976ca7",
						"type": "text/javascript",
						"exec": [
							""
						]
					}
				}
			],
			"protocolProfileBehavior": {}
		},
		{
			"name": "Update",
			"item": [
				{
					"name": "Atualizar Paciente",
					"request": {
						"method": "POST",
						"header": [
							{
								"key": "Content-Type",
								"name": "Content-Type",
								"value": "application/json",
								"type": "text"
							},
							{
								"key": "GameToken",
								"value": "QkxVRUFQSV9UT0tFTl9ESU9HTw==",
								"description": "Token de permissão de acesso a API",
								"type": "text"
							}
						],
						"body": {
							"mode": "raw",
							"raw": "{\n    \"capacitiesPitaco\": {\n        \"insPeakFlow\": -12.25,\n        \"expPeakFlow\": 12.125,\n        \"insFlowDuration\": 579.75,\n        \"expFlowDuration\": 993.875,\n        \"respiratoryRate\": 1.46664\n    },\n    \"capacitiesMano\": {\n        \"insPeakFlow\": 0,\n        \"expPeakFlow\": 0,\n        \"insFlowDuration\": 0,\n        \"expFlowDuration\": 0,\n        \"respiratoryRate\": 0\n    },\n    \"capacitiesCinta\": {\n        \"insPeakFlow\": 0,\n        \"expPeakFlow\": 0,\n        \"insFlowDuration\": 0,\n        \"expFlowDuration\": 0,\n        \"respiratoryRate\": 0\n    },\n    \"name\": \"jhonatan Nery\",\n    \"birthday\": \"1991-06-04T03:00:00Z\",\n    \"sex\": \"Male\",\n    \"observations\": \"Teste de Envio Remoto 2\",\n    \"condition\": \"Obstructive\",\n    \"unlockedLevels\": 2,\n    \"accumulatedScore\": 0,\n    \"playSessionsDone\": 80,\n    \"calibrationPitacoDone\": true,\n    \"calibrationManoDone\": true,\n    \"calibrationCintaDone\": true,\n    \"howToPlayDone\": true,\n    \"weigth\": 0,\n    \"heigth\": 0,\n    \"pitacoThreshold\": 7.5,\n    \"manoThreshold\": 0,\n    \"cintaThreshold\": 0,\n    \"ethnicity\": \"Pardo\"\n}",
							"options": {
								"raw": {
									"language": "json"
								}
							}
						},
						"url": {
							"raw": "{{url}}/pacients/:pacientId",
							"host": [
								"{{url}}"
							],
							"path": [
								"pacients",
								":pacientId"
							],
							"variable": [
								{
									"key": "pacientId",
									"value": ""
								}
							]
						}
					},
					"response": []
				}
			],
			"protocolProfileBehavior": {}
		},
		{
			"name": "Delete",
			"item": [
				{
					"name": "Excluir Paciente",
					"request": {
						"method": "DELETE",
						"header": [
							{
								"key": "GameToken",
								"value": "QkxVRUFQSV9UT0tFTl9ESU9HTw==",
								"description": "Token de permissão de acesso a API",
								"type": "text"
							}
						],
						"url": {
							"raw": "{{url}}/pacients/:pacientId",
							"host": [
								"{{url}}"
							],
							"path": [
								"pacients",
								":pacientId"
							],
							"variable": [
								{
									"key": "pacientId",
									"value": "5e796795a624b507e4355222",
									"description": "ID do Paciente [OBRIGATÓRIO]"
								}
							]
						}
					},
					"response": []
				}
			],
			"protocolProfileBehavior": {}
		}
	],
	"event": [
		{
			"listen": "prerequest",
			"script": {
				"id": "427bf137-ac3b-4b33-bafd-0a0c926fd663",
				"type": "text/javascript",
				"exec": [
					""
				]
			}
		},
		{
			"listen": "test",
			"script": {
				"id": "3f4dd85d-57ec-4aba-89e5-a96b8c82ea8a",
				"type": "text/javascript",
				"exec": [
					""
				]
			}
		}
	],
	"protocolProfileBehavior": {}
}